-- MySQL dump 10.13  Distrib 9.4.0, for macos15.4 (arm64)
--
-- Host: localhost    Database: company_db
-- ------------------------------------------------------
-- Server version	9.4.0

/*!40101 SET @OLD_CHARACTER_SET_CLIENT=@@CHARACTER_SET_CLIENT */;
/*!40101 SET @OLD_CHARACTER_SET_RESULTS=@@CHARACTER_SET_RESULTS */;
/*!40101 SET @OLD_COLLATION_CONNECTION=@@COLLATION_CONNECTION */;
/*!50503 SET NAMES utf8mb4 */;
/*!40103 SET @OLD_TIME_ZONE=@@TIME_ZONE */;
/*!40103 SET TIME_ZONE='+00:00' */;
/*!40014 SET @OLD_UNIQUE_CHECKS=@@UNIQUE_CHECKS, UNIQUE_CHECKS=0 */;
/*!40014 SET @OLD_FOREIGN_KEY_CHECKS=@@FOREIGN_KEY_CHECKS, FOREIGN_KEY_CHECKS=0 */;
/*!40101 SET @OLD_SQL_MODE=@@SQL_MODE, SQL_MODE='NO_AUTO_VALUE_ON_ZERO' */;
/*!40111 SET @OLD_SQL_NOTES=@@SQL_NOTES, SQL_NOTES=0 */;

--
-- Table structure for table `assignments`
--

DROP TABLE IF EXISTS `assignments`;
/*!40101 SET @saved_cs_client     = @@character_set_client */;
/*!50503 SET character_set_client = utf8mb4 */;
CREATE TABLE `assignments` (
  `assignment_id` int NOT NULL AUTO_INCREMENT,
  `emp_id` int NOT NULL,
  `project_id` int NOT NULL,
  `assignment_date` date NOT NULL,
  PRIMARY KEY (`assignment_id`),
  KEY `emp_id` (`emp_id`),
  KEY `project_id` (`project_id`),
  CONSTRAINT `assignments_ibfk_1` FOREIGN KEY (`emp_id`) REFERENCES `employees` (`emp_id`),
  CONSTRAINT `assignments_ibfk_2` FOREIGN KEY (`project_id`) REFERENCES `projects` (`project_id`)
) ENGINE=InnoDB AUTO_INCREMENT=221 DEFAULT CHARSET=utf8mb4 COLLATE=utf8mb4_0900_ai_ci;
/*!40101 SET character_set_client = @saved_cs_client */;

--
-- Dumping data for table `assignments`
--

LOCK TABLES `assignments` WRITE;
/*!40000 ALTER TABLE `assignments` DISABLE KEYS */;
INSERT INTO `assignments` VALUES (1,82,23,'2024-08-28'),(2,5,13,'2025-04-07'),(3,14,23,'2024-12-22'),(4,5,28,'2025-06-18'),(5,47,16,'2025-02-14'),(6,135,7,'2025-02-15'),(7,59,29,'2025-04-09'),(8,121,30,'2024-11-08'),(9,96,15,'2025-05-29'),(10,129,10,'2024-09-19'),(11,83,10,'2025-05-25'),(12,42,28,'2025-08-12'),(13,34,26,'2025-07-03'),(14,145,23,'2025-03-06'),(15,56,10,'2025-05-17'),(16,45,23,'2024-10-12'),(17,29,12,'2024-08-21'),(18,43,22,'2024-10-04'),(19,19,14,'2025-02-20'),(20,108,22,'2024-09-20'),(21,109,21,'2025-07-01'),(22,120,27,'2025-07-25'),(23,88,28,'2025-03-21'),(24,30,4,'2025-03-11'),(25,122,9,'2025-04-20'),(26,49,30,'2024-11-26'),(27,135,8,'2025-03-18'),(28,67,23,'2025-07-05'),(29,60,9,'2025-05-19'),(30,109,14,'2024-08-31'),(31,18,20,'2025-06-15'),(32,130,9,'2025-07-09'),(33,40,8,'2025-07-08'),(34,32,10,'2025-03-01'),(35,3,14,'2025-08-14'),(36,17,12,'2025-05-28'),(37,133,15,'2025-02-24'),(38,64,19,'2025-08-18'),(39,135,5,'2025-08-11'),(40,7,15,'2025-03-20'),(41,129,18,'2024-12-25'),(42,124,14,'2025-02-08'),(43,73,30,'2024-09-13'),(44,77,11,'2025-08-02'),(45,107,5,'2025-01-08'),(46,45,8,'2025-02-17'),(47,99,23,'2024-12-31'),(48,17,29,'2025-01-09'),(49,122,26,'2024-08-30'),(50,114,11,'2024-10-05'),(51,92,11,'2024-09-06'),(52,25,30,'2025-04-07'),(53,147,24,'2025-02-21'),(54,96,24,'2025-08-10'),(55,103,28,'2025-08-12'),(56,71,15,'2025-05-11'),(57,111,12,'2025-04-21'),(58,148,26,'2025-01-16'),(59,113,8,'2025-01-13'),(60,20,12,'2024-09-17'),(61,132,15,'2024-11-24'),(62,91,22,'2025-06-06'),(63,145,22,'2025-03-11'),(64,145,15,'2025-08-10'),(65,52,15,'2025-03-14'),(66,144,12,'2025-06-27'),(67,147,13,'2025-06-20'),(68,147,6,'2025-04-03'),(69,68,10,'2024-11-20'),(70,14,19,'2025-07-23'),(71,65,16,'2024-12-06'),(72,145,16,'2025-03-24'),(73,87,11,'2025-03-07'),(74,87,10,'2025-07-08'),(75,101,15,'2024-10-04'),(76,107,25,'2025-08-07'),(77,101,18,'2025-03-06'),(78,58,10,'2025-01-11'),(79,8,10,'2025-03-13'),(80,18,29,'2025-06-13'),(81,21,19,'2025-07-26'),(82,55,2,'2025-05-17'),(83,16,6,'2024-11-24'),(84,69,29,'2025-03-10'),(85,95,21,'2025-07-19'),(86,127,30,'2025-01-01'),(87,27,29,'2025-03-06'),(88,140,26,'2025-05-21'),(89,112,12,'2024-12-20'),(90,5,30,'2024-10-06'),(91,105,7,'2025-06-21'),(92,143,18,'2024-09-16'),(93,127,16,'2025-02-25'),(94,85,8,'2025-08-09'),(95,84,19,'2025-06-26'),(96,53,6,'2024-11-09'),(97,147,16,'2024-11-28'),(98,103,26,'2025-02-27'),(99,38,15,'2024-09-01'),(100,108,10,'2025-06-11'),(101,136,18,'2024-09-26'),(102,47,12,'2024-10-10'),(103,20,16,'2025-07-03'),(104,3,3,'2025-04-24'),(105,70,12,'2024-11-30'),(106,148,9,'2024-11-18'),(107,44,5,'2025-07-09'),(108,53,14,'2024-08-24'),(109,55,23,'2025-07-07'),(110,49,5,'2025-03-14'),(111,37,7,'2025-05-22'),(112,84,3,'2025-06-03'),(113,104,11,'2024-09-07'),(114,14,7,'2025-06-22'),(115,6,18,'2025-07-29'),(116,30,8,'2025-05-03'),(117,31,4,'2025-03-26'),(118,17,11,'2024-09-13'),(119,74,26,'2025-04-03'),(120,126,27,'2025-01-01'),(121,2,2,'2024-12-11'),(122,15,14,'2024-08-26'),(123,39,29,'2025-06-05'),(124,87,6,'2025-07-09'),(125,26,16,'2025-03-06'),(126,35,22,'2024-08-21'),(127,135,5,'2025-05-14'),(128,109,1,'2024-09-25'),(129,38,20,'2025-05-21'),(130,97,26,'2024-08-23'),(131,21,30,'2025-02-08'),(132,150,20,'2024-11-02'),(133,137,25,'2025-04-15'),(134,77,20,'2025-01-27'),(135,145,28,'2025-07-21'),(136,83,10,'2024-08-30'),(137,19,10,'2025-02-28'),(138,27,23,'2025-03-04'),(139,126,10,'2025-06-10'),(140,48,3,'2025-04-10'),(141,148,25,'2024-10-22'),(142,15,7,'2025-03-13'),(143,106,23,'2024-10-28'),(144,72,28,'2025-03-11'),(145,52,26,'2024-08-25'),(146,132,20,'2025-08-08'),(147,100,28,'2024-12-30'),(148,44,3,'2025-04-22'),(149,17,24,'2025-05-30'),(150,115,3,'2024-11-26'),(151,114,30,'2025-07-29'),(152,144,29,'2024-12-17'),(153,150,11,'2025-06-05'),(154,41,9,'2024-10-07'),(155,1,14,'2025-03-30'),(156,135,10,'2025-02-19'),(157,40,29,'2024-09-24'),(158,93,26,'2024-11-06'),(159,148,21,'2025-05-12'),(160,58,10,'2025-04-08'),(161,109,24,'2024-10-08'),(162,94,13,'2025-02-04'),(163,37,13,'2024-12-03'),(164,6,5,'2025-02-25'),(165,89,8,'2025-05-22'),(166,123,6,'2025-05-03'),(167,54,5,'2025-01-03'),(168,12,9,'2024-12-24'),(169,17,21,'2024-10-19'),(170,13,30,'2025-07-10'),(171,50,26,'2025-07-25'),(172,14,4,'2025-07-07'),(173,91,3,'2025-04-25'),(174,54,26,'2025-07-09'),(175,144,19,'2024-11-29'),(176,3,18,'2024-09-25'),(177,25,28,'2025-06-29'),(178,66,10,'2025-08-02'),(179,102,29,'2025-04-19'),(180,26,15,'2025-06-06'),(181,133,24,'2025-03-11'),(182,141,5,'2025-01-21'),(183,121,14,'2024-10-26'),(184,69,13,'2024-09-11'),(185,61,1,'2025-03-07'),(186,47,30,'2024-12-14'),(187,43,25,'2024-10-24'),(188,8,5,'2025-05-07'),(189,74,3,'2025-06-04'),(190,68,12,'2025-08-05'),(191,100,17,'2024-10-08'),(192,37,3,'2025-07-26'),(193,116,27,'2024-09-19'),(194,17,9,'2024-10-11'),(195,117,21,'2025-05-10'),(196,18,5,'2025-03-23'),(197,95,30,'2024-11-15'),(198,38,24,'2025-03-10'),(199,36,25,'2025-05-21'),(200,25,13,'2024-09-04'),(201,101,11,'2025-07-08'),(202,15,8,'2025-06-18'),(203,105,22,'2025-07-30'),(204,103,11,'2024-10-17'),(205,43,10,'2025-05-03'),(206,61,24,'2025-04-16'),(207,57,30,'2024-11-20'),(208,74,6,'2024-12-24'),(209,27,1,'2025-07-24'),(210,150,8,'2025-05-27'),(211,53,16,'2025-04-27'),(212,42,30,'2025-06-23'),(213,92,19,'2025-03-13'),(214,82,26,'2024-09-26'),(215,75,23,'2025-06-11'),(216,106,12,'2024-09-11'),(217,28,25,'2025-03-17'),(218,130,3,'2024-12-24'),(219,55,23,'2025-04-21'),(220,62,16,'2025-06-11');
/*!40000 ALTER TABLE `assignments` ENABLE KEYS */;
UNLOCK TABLES;

--
-- Table structure for table `departments`
--

DROP TABLE IF EXISTS `departments`;
/*!40101 SET @saved_cs_client     = @@character_set_client */;
/*!50503 SET character_set_client = utf8mb4 */;
CREATE TABLE `departments` (
  `dept_id` int NOT NULL AUTO_INCREMENT,
  `dept_name` varchar(100) NOT NULL,
  PRIMARY KEY (`dept_id`),
  UNIQUE KEY `dept_name` (`dept_name`)
) ENGINE=InnoDB AUTO_INCREMENT=11 DEFAULT CHARSET=utf8mb4 COLLATE=utf8mb4_0900_ai_ci;
/*!40101 SET character_set_client = @saved_cs_client */;

--
-- Dumping data for table `departments`
--

LOCK TABLES `departments` WRITE;
/*!40000 ALTER TABLE `departments` DISABLE KEYS */;
INSERT INTO `departments` VALUES (6,'Amenity horticulturist Department'),(3,'Clinical psychologist Department'),(7,'Conservator, museum/gallery Department'),(10,'Diagnostic radiographer Department'),(9,'Holiday representative Department'),(5,'Leisure centre manager Department'),(4,'Midwife Department'),(8,'Naval architect Department'),(2,'Phytotherapist Department'),(1,'Programmer, systems Department');
/*!40000 ALTER TABLE `departments` ENABLE KEYS */;
UNLOCK TABLES;

--
-- Table structure for table `employees`
--

DROP TABLE IF EXISTS `employees`;
/*!40101 SET @saved_cs_client     = @@character_set_client */;
/*!50503 SET character_set_client = utf8mb4 */;
CREATE TABLE `employees` (
  `emp_id` int NOT NULL AUTO_INCREMENT,
  `first_name` varchar(50) NOT NULL,
  `last_name` varchar(50) NOT NULL,
  `email` varchar(100) NOT NULL,
  `phone_number` varchar(30) DEFAULT NULL,
  `hire_date` date NOT NULL,
  `job_id` varchar(50) NOT NULL,
  `salary` decimal(10,2) NOT NULL,
  `dept_id` int DEFAULT NULL,
  PRIMARY KEY (`emp_id`),
  UNIQUE KEY `email` (`email`),
  KEY `dept_id` (`dept_id`),
  CONSTRAINT `employees_ibfk_1` FOREIGN KEY (`dept_id`) REFERENCES `departments` (`dept_id`)
) ENGINE=InnoDB AUTO_INCREMENT=151 DEFAULT CHARSET=utf8mb4 COLLATE=utf8mb4_0900_ai_ci;
/*!40101 SET character_set_client = @saved_cs_client */;

--
-- Dumping data for table `employees`
--

LOCK TABLES `employees` WRITE;
/*!40000 ALTER TABLE `employees` DISABLE KEYS */;
INSERT INTO `employees` VALUES (1,'Michelle','James','michelle.james0@gmail.com','(615)438-7918','2021-02-18','Herbalist',79049.30,10),(2,'Rebecca','Long','rebecca.long1@yahoo.com','319-813-5393x679','2025-01-01','Pilot, airline',39241.99,2),(3,'Gail','Trujillo','gail.trujillo2@yahoo.com','9835649400','2023-06-04','IT sales professional',44297.97,9),(4,'Christopher','Coffey','christopher.coffey3@yahoo.com','001-224-669-5482x86338','2020-09-11','Occupational therapist',72770.71,2),(5,'Christopher','Medina','christopher.medina4@yahoo.com','693-625-9444x96885','2025-05-22','Wellsite geologist',54758.44,5),(6,'Joseph','Hansen','joseph.hansen5@hotmail.com','(893)952-9054','2024-03-03','Geochemist',51242.31,3),(7,'Sherri','Braun','sherri.braun6@gmail.com','001-478-530-5390x10855','2025-01-12','Contractor',119310.50,5),(8,'Beverly','Hill','beverly.hill7@hotmail.com','+1-528-204-5385x215','2022-01-16','Marine scientist',93039.08,10),(9,'Crystal','Navarro','crystal.navarro8@gmail.com','(442)299-6477x467','2021-03-22','Dealer',82792.00,1),(10,'Brandi','Mejia','brandi.mejia9@yahoo.com','001-222-440-6651','2021-03-17','Accountant, chartered public finance',33191.27,10),(11,'Aaron','Little','aaron.little10@hotmail.com','4519276230','2021-04-18','Editor, commissioning',73287.95,5),(12,'Kyle','Hines','kyle.hines11@gmail.com','(614)331-0041x3591','2024-01-19','Best boy',115212.89,2),(13,'Hector','Gonzalez','hector.gonzalez12@hotmail.com','272-409-6119','2022-11-04','Land/geomatics surveyor',51094.39,1),(14,'George','Adams','george.adams13@gmail.com','(661)775-1979x453','2022-09-30','Risk analyst',99386.25,6),(15,'Natalie','Cooley','natalie.cooley14@hotmail.com','001-760-709-7711x891','2020-10-16','Drilling engineer',62811.11,2),(16,'John','Reyes','john.reyes15@hotmail.com','(453)642-9823','2021-05-08','Chief of Staff',41298.43,4),(17,'Tasha','Reynolds','tasha.reynolds16@hotmail.com','+1-804-427-7135x7058','2024-07-10','Press photographer',119094.92,2),(18,'Joanna','Mendez','joanna.mendez17@yahoo.com','551-490-9903x33589','2020-08-23','Engineer, maintenance (IT)',116654.24,1),(19,'Zachary','Mitchell','zachary.mitchell18@hotmail.com','9827946562','2022-08-24','Interpreter',39384.83,1),(20,'Robert','Harris','robert.harris19@gmail.com','+1-935-663-0186x3892','2024-10-01','Catering manager',63229.02,5),(21,'Aaron','Simmons','aaron.simmons20@yahoo.com','+1-374-310-8686x779','2021-08-29','Software engineer',88663.45,1),(22,'James','Davis','james.davis21@yahoo.com','+1-433-386-4479','2021-05-02','Multimedia programmer',66435.27,7),(23,'Michelle','Smith','michelle.smith22@hotmail.com','7922478672','2025-03-01','Building services engineer',61242.83,7),(24,'Andrew','Scott','andrew.scott23@hotmail.com','693.581.6446','2023-09-10','Geographical information systems officer',103381.21,1),(25,'Christopher','Adams','christopher.adams24@yahoo.com','001-543-298-8197x36368','2022-05-19','Farm manager',83183.83,3),(26,'Tiffany','Wood','tiffany.wood25@yahoo.com','416-812-6766x7495','2020-12-19','Actuary',42888.61,3),(27,'Megan','Martin','megan.martin26@yahoo.com','2699705358','2023-05-17','Statistician',78419.86,10),(28,'Tyler','Blanchard','tyler.blanchard27@hotmail.com','+1-673-682-9377x217','2025-05-11','Public relations account executive',51690.32,4),(29,'John','Taylor','john.taylor28@yahoo.com','6989547493','2025-06-26','Social worker',108026.39,10),(30,'Erika','Galloway','erika.galloway29@yahoo.com','908.209.6314x933','2022-08-13','Commercial/residential surveyor',63358.92,8),(31,'Patrick','Noble','patrick.noble30@yahoo.com','9298192445','2023-02-10','Psychiatric nurse',79244.81,2),(32,'Meghan','Adams','meghan.adams31@yahoo.com','+1-866-398-1548x40802','2023-11-04','Agricultural consultant',92362.78,8),(33,'Timothy','Price','timothy.price32@gmail.com','001-322-852-2945','2024-11-09','Magazine features editor',104368.19,10),(34,'William','Bennett','william.bennett33@hotmail.com','711-679-4839','2023-01-16','Engineer, building services',38200.56,7),(35,'Lauren','Mccarthy','lauren.mccarthy34@gmail.com','744-219-4386','2025-07-23','Telecommunications researcher',96900.05,4),(36,'Jeffrey','Williams','jeffrey.williams35@yahoo.com','001-907-224-2359x3928','2025-08-05','Nurse, learning disability',113367.47,5),(37,'Dylan','Rose','dylan.rose36@hotmail.com','598-348-5198','2021-04-12','Nutritional therapist',113745.91,3),(38,'Diane','King','diane.king37@hotmail.com','+1-512-454-6272x7265','2022-07-10','Fine artist',96505.47,9),(39,'Nicole','Ruiz','nicole.ruiz38@gmail.com','215.888.2795x8460','2024-05-08','Dancer',51529.58,9),(40,'Roger','Frank','roger.frank39@yahoo.com','+1-676-209-0989x5054','2025-07-02','Investment banker, operational',42260.94,6),(41,'Jessica','Shelton','jessica.shelton40@yahoo.com','210.291.7476x639','2021-04-25','Patent examiner',68811.67,7),(42,'Michael','Edwards','michael.edwards41@gmail.com','+1-533-258-2850','2025-07-23','Editorial assistant',81943.12,9),(43,'Scott','Jackson','scott.jackson42@yahoo.com','001-655-571-6742x5154','2023-09-11','Product manager',92145.49,3),(44,'Jesse','Levine','jesse.levine43@hotmail.com','+1-537-723-3164','2023-03-07','Psychologist, sport and exercise',115129.58,5),(45,'Stephanie','Larson','stephanie.larson44@gmail.com','327.789.1302','2024-08-23','Site engineer',41490.35,6),(46,'Phillip','Brown','phillip.brown45@yahoo.com','(500)888-6354','2021-12-31','Hotel manager',119708.94,8),(47,'Lisa','Grant','lisa.grant46@hotmail.com','316.462.8305x57595','2024-07-16','Physiological scientist',91573.53,3),(48,'Steven','Johnson','steven.johnson47@gmail.com','(716)563-9484x9396','2024-09-15','Risk manager',104790.51,8),(49,'Amy','Andrews','amy.andrews48@gmail.com','+1-669-889-5651','2024-06-02','Applications developer',77843.21,8),(50,'William','Sims','william.sims49@hotmail.com','001-618-531-9725x6177','2021-03-11','Interpreter',111409.30,8),(51,'Joshua','Lopez','joshua.lopez50@hotmail.com','(210)330-6828x73226','2023-12-01','Administrator, sports',99538.43,4),(52,'Leah','Munoz','leah.munoz51@gmail.com','+1-353-824-1234x901','2024-07-11','Neurosurgeon',34971.36,6),(53,'Lori','Lang','lori.lang52@hotmail.com','373-600-8532x8251','2023-08-14','Equality and diversity officer',31599.24,2),(54,'Jesse','Sellers','jesse.sellers53@hotmail.com','585-398-3287x8238','2020-11-10','Engineer, chemical',50003.70,2),(55,'Jacob','Chen','jacob.chen54@yahoo.com','001-445-977-7918','2022-12-12','Geochemist',106034.15,9),(56,'Mathew','Davis','mathew.davis55@yahoo.com','974.257.0258x8001','2022-11-27','Wellsite geologist',54865.36,5),(57,'Anthony','Mason','anthony.mason56@yahoo.com','331.966.9757x161','2024-07-31','Insurance risk surveyor',78255.18,1),(58,'Amanda','Walsh','amanda.walsh57@yahoo.com','(961)587-0180x24867','2021-12-02','Fine artist',62270.86,9),(59,'Ashley','Kim','ashley.kim58@yahoo.com','001-728-429-5825x78451','2024-12-16','Economist',71822.46,2),(60,'Steven','Scott','steven.scott59@yahoo.com','001-695-645-8290','2022-01-14','Sport and exercise psychologist',119548.28,9),(61,'Jessica','Leonard','jessica.leonard60@gmail.com','001-322-539-1972x922','2021-03-13','Hydrogeologist',104004.54,5),(62,'Linda','Cameron','linda.cameron61@gmail.com','911.233.9334x078','2021-03-09','Scientist, research (life sciences)',63533.52,4),(63,'James','Jones','james.jones62@hotmail.com','249.373.1006','2021-10-10','Clinical biochemist',61381.71,6),(64,'Jasmine','Hardy','jasmine.hardy63@gmail.com','(292)892-2616','2021-01-24','Engineer, aeronautical',116845.87,3),(65,'Amy','Erickson','amy.erickson64@hotmail.com','711.214.0350x4948','2022-11-28','Surveyor, insurance',99127.55,1),(66,'Wesley','Wu','wesley.wu65@gmail.com','816.253.7486x0740','2025-03-31','Lobbyist',67713.86,8),(67,'James','Perkins','james.perkins66@yahoo.com','001-891-656-0435x804','2024-05-06','Forensic psychologist',76273.95,1),(68,'Alicia','Wilson','alicia.wilson67@hotmail.com','(644)939-1488x949','2024-03-04','Restaurant manager',106922.54,8),(69,'Melissa','Garcia','melissa.garcia68@hotmail.com','+1-451-556-9651x6412','2021-08-06','Police officer',91647.94,3),(70,'Jeffrey','Mayer','jeffrey.mayer69@gmail.com','458.980.6249','2024-12-01','Market researcher',93891.47,4),(71,'Jamie','Erickson','jamie.erickson70@hotmail.com','001-523-316-8684x009','2022-06-25','Product manager',104335.02,1),(72,'Courtney','Jenkins','courtney.jenkins71@yahoo.com','001-560-419-9599x2728','2022-10-18','Regulatory affairs officer',38596.38,9),(73,'John','Wood','john.wood72@yahoo.com','551-977-9995','2023-04-14','Television floor manager',107927.88,3),(74,'Juan','Shepard','juan.shepard73@yahoo.com','561-436-8051x01639','2022-03-14','Production assistant, television',60631.40,9),(75,'Teresa','Howard','teresa.howard74@hotmail.com','(807)577-9893','2020-11-02','Trading standards officer',56893.60,6),(76,'Eric','Ross','eric.ross75@hotmail.com','(580)810-2684','2023-09-16','Lawyer',114958.40,7),(77,'Michael','Williams','michael.williams76@yahoo.com','991-518-0506','2021-07-28','Designer, exhibition/display',95282.01,2),(78,'Christopher','Ayala','christopher.ayala77@yahoo.com','7829442675','2021-08-14','Structural engineer',98463.15,7),(79,'Brandon','Padilla','brandon.padilla78@gmail.com','5337924337','2022-09-11','Garment/textile technologist',104869.14,3),(80,'Robin','Watts','robin.watts79@yahoo.com','963.898.6234','2021-04-25','Solicitor, Scotland',98502.28,6),(81,'Brandon','Miller','brandon.miller80@hotmail.com','001-245-337-6949x4791','2021-11-18','Engineer, manufacturing systems',99550.82,3),(82,'William','Brown','william.brown81@hotmail.com','739.401.9004x53201','2024-04-08','Civil Service fast streamer',80647.99,8),(83,'Robert','Rhodes','robert.rhodes82@hotmail.com','+1-583-754-9726x8147','2024-07-28','Sports coach',101827.39,2),(84,'Christine','Blair','christine.blair83@gmail.com','001-509-361-9338x3260','2023-02-11','Engineer, agricultural',61808.79,9),(85,'Katherine','Stein','katherine.stein84@gmail.com','415.254.2558','2021-08-25','Public relations account executive',75063.74,1),(86,'Michael','Baker','michael.baker85@yahoo.com','(331)543-5114x5260','2023-03-24','Research officer, political party',37385.64,7),(87,'Shelley','Herrera','shelley.herrera86@hotmail.com','(228)539-0306x32964','2023-07-04','Emergency planning/management officer',92067.08,6),(88,'Shawn','Moon','shawn.moon87@hotmail.com','952-581-0051x484','2024-08-22','Administrator, charities/voluntary organisations',60237.12,3),(89,'Angela','Williams','angela.williams88@gmail.com','001-896-696-6407','2023-03-07','Equities trader',87835.57,6),(90,'Brad','Watkins','brad.watkins89@yahoo.com','+1-677-718-0013x31456','2023-12-02','Sports coach',56227.70,10),(91,'Kenneth','Lewis','kenneth.lewis90@gmail.com','272.538.5991','2021-08-21','Administrator, arts',52370.40,9),(92,'Andrea','Clarke','andrea.clarke91@yahoo.com','001-634-639-4359x5584','2021-10-07','Midwife',66511.69,8),(93,'Bryan','Dominguez','bryan.dominguez92@gmail.com','+1-241-667-4272x19942','2022-08-02','Market researcher',60812.04,7),(94,'Tanya','Knapp','tanya.knapp93@yahoo.com','249-393-7136','2022-11-17','Fisheries officer',72609.30,8),(95,'Victor','Smith','victor.smith94@gmail.com','933-687-7560x504','2022-04-18','Cartographer',53274.54,8),(96,'Tiffany','Butler','tiffany.butler95@gmail.com','979-336-9670','2024-05-09','Scientist, biomedical',86709.27,2),(97,'Steven','Green','steven.green96@hotmail.com','500-786-8567','2024-01-03','Teacher, music',38287.42,10),(98,'Jason','Gardner','jason.gardner97@yahoo.com','+1-579-847-9784x99771','2022-05-29','Clinical molecular geneticist',43105.20,3),(99,'Latoya','Mendoza','latoya.mendoza98@gmail.com','834-949-4881x847','2023-12-01','Structural engineer',39894.32,4),(100,'Jenny','Rasmussen','jenny.rasmussen99@gmail.com','(996)644-8623','2023-02-26','Music tutor',73946.01,4),(101,'Jackson','Taylor','jackson.taylor100@yahoo.com','001-519-365-5860x6209','2025-06-02','Phytotherapist',58947.42,7),(102,'Latoya','King','latoya.king101@yahoo.com','465-537-2673x920','2021-11-25','Merchandiser, retail',92692.62,4),(103,'April','Morales','april.morales102@gmail.com','001-291-798-3469x7026','2024-04-30','Geologist, wellsite',34914.86,1),(104,'David','Flores','david.flores103@yahoo.com','847.415.9814x134','2023-07-22','Buyer, industrial',74046.71,9),(105,'Wendy','Wilson','wendy.wilson104@hotmail.com','001-635-794-1943','2023-05-12','Herbalist',68274.54,6),(106,'Aaron','Rogers','aaron.rogers105@gmail.com','(292)778-9632','2021-01-06','Oceanographer',60814.97,8),(107,'William','Long','william.long106@yahoo.com','+1-770-517-0844x2351','2024-02-09','Police officer',36219.10,9),(108,'Christine','Johnson','christine.johnson107@hotmail.com','+1-549-890-9589x3762','2023-01-27','Surveyor, commercial/residential',66733.20,4),(109,'Lori','Garrett','lori.garrett108@yahoo.com','001-520-521-1674','2021-09-12','Scientist, forensic',55882.97,7),(110,'Maria','Ingram','maria.ingram109@hotmail.com','001-538-295-7484x9776','2023-02-11','Fisheries officer',98468.03,10),(111,'Michael','Simmons','michael.simmons110@yahoo.com','774.637.6616x017','2024-07-07','Designer, graphic',36599.30,3),(112,'Mark','Mcbride','mark.mcbride111@gmail.com','544.298.5841','2025-04-30','Scientist, marine',44354.92,10),(113,'Christina','Rice','christina.rice112@gmail.com','001-482-893-3393x28900','2024-10-03','Nurse, adult',94544.13,4),(114,'Matthew','Pruitt','matthew.pruitt113@yahoo.com','+1-804-329-9967','2025-02-15','Immigration officer',91506.01,1),(115,'Amanda','Jones','amanda.jones114@yahoo.com','(981)553-4098','2023-01-01','Freight forwarder',52318.03,6),(116,'Emily','Cervantes','emily.cervantes115@yahoo.com','001-478-798-7951x365','2025-01-21','Barrister\'s clerk',47925.03,8),(117,'Michelle','Roberts','michelle.roberts116@hotmail.com','876.805.7372x0274','2023-06-25','Legal executive',46344.36,8),(118,'Kathryn','Harris','kathryn.harris117@hotmail.com','+1-562-423-9758x68201','2021-11-28','Journalist, magazine',112141.81,10),(119,'William','Knight','william.knight118@gmail.com','7548855796','2021-10-26','Financial manager',97169.94,2),(120,'William','Castro','william.castro119@yahoo.com','(607)850-8375x914','2023-03-08','Insurance account manager',112595.75,6),(121,'Tim','Pena','tim.pena120@gmail.com','001-373-979-7972','2024-06-09','Structural engineer',59402.86,2),(122,'John','Collins','john.collins121@hotmail.com','+1-680-659-6562x61250','2021-06-23','Fish farm manager',76584.97,8),(123,'Rebecca','Daniels','rebecca.daniels122@hotmail.com','001-489-572-4079x04576','2024-10-23','Contracting civil engineer',53591.08,2),(124,'Zachary','Gordon','zachary.gordon123@hotmail.com','(870)826-1518x0918','2021-07-02','Midwife',59583.42,1),(125,'Benjamin','Morrow','benjamin.morrow124@yahoo.com','370.357.9822','2022-01-16','Animator',73143.72,7),(126,'Jill','Flores','jill.flores125@yahoo.com','001-588-518-6595x890','2024-03-22','Theme park manager',57142.70,6),(127,'Catherine','Graham','catherine.graham126@hotmail.com','802-486-8419x20880','2022-01-14','Television floor manager',95451.59,5),(128,'Kimberly','Wright','kimberly.wright127@gmail.com','206.778.5797x4015','2024-09-23','Set designer',68141.68,8),(129,'James','Lewis','james.lewis128@hotmail.com','+1-658-456-1506x9241','2024-06-21','Lawyer',109967.56,5),(130,'Briana','Gomez','briana.gomez129@yahoo.com','(319)553-5124x9945','2024-07-17','Presenter, broadcasting',72256.59,6),(131,'Victoria','Green','victoria.green130@yahoo.com','001-731-701-3412x18987','2021-01-17','Claims inspector/assessor',113083.97,8),(132,'Jasmine','Robertson','jasmine.robertson131@gmail.com','(777)700-4039x34154','2022-04-19','Scientist, research (life sciences)',48533.96,6),(133,'Miranda','Hicks','miranda.hicks132@hotmail.com','972-208-1919x7964','2023-08-26','Teacher, early years/pre',84159.35,7),(134,'Nathan','Torres','nathan.torres133@gmail.com','978-461-5634x5793','2025-01-31','Stage manager',112016.87,6),(135,'Sarah','Blankenship','sarah.blankenship134@yahoo.com','655-833-7957x31824','2021-11-04','Financial trader',105937.79,8),(136,'Eileen','Allen','eileen.allen135@yahoo.com','001-323-749-0320x70693','2022-02-05','Web designer',43860.49,4),(137,'Brenda','Bird','brenda.bird136@gmail.com','683-941-8428','2021-10-14','Music tutor',64912.61,2),(138,'Ashley','Cherry','ashley.cherry137@hotmail.com','(732)812-8463x60484','2021-07-23','Film/video editor',65818.03,3),(139,'Ashley','Wilson','ashley.wilson138@hotmail.com','(941)464-0350x78524','2025-05-17','Industrial/product designer',119230.55,3),(140,'Stephen','Wilson','stephen.wilson139@gmail.com','+1-472-709-6294x732','2024-09-04','Civil Service administrator',46878.02,5),(141,'Albert','Wallace','albert.wallace140@hotmail.com','543.368.2517x5328','2022-09-22','Lecturer, further education',102877.91,9),(142,'Brandon','Garrett','brandon.garrett141@gmail.com','681.833.4313x12056','2024-12-01','Arts administrator',100365.06,5),(143,'Jasmine','Jackson','jasmine.jackson142@yahoo.com','256.640.7832','2022-06-23','Lobbyist',47509.77,5),(144,'Samantha','Rogers','samantha.rogers143@gmail.com','396.248.7347x569','2025-06-11','Patent examiner',54486.42,6),(145,'Cynthia','Harris','cynthia.harris144@gmail.com','+1-929-562-4601x6231','2023-06-22','Planning and development surveyor',116665.78,5),(146,'Brenda','Vargas','brenda.vargas145@hotmail.com','739-594-2610x817','2021-11-01','Audiological scientist',50621.41,5),(147,'Elizabeth','Walton','elizabeth.walton146@yahoo.com','7476915545','2021-05-18','Building surveyor',108398.89,6),(148,'Ashley','Mclaughlin','ashley.mclaughlin147@gmail.com','510-702-4387','2020-11-14','Purchasing manager',84152.72,9),(149,'Lauren','Miller','lauren.miller148@hotmail.com','621.880.9952x3845','2024-07-24','Hydrographic surveyor',93168.80,7),(150,'Melissa','Cunningham','melissa.cunningham149@hotmail.com','+1-512-768-6561x8934','2023-02-05','Soil scientist',72761.88,6);
/*!40000 ALTER TABLE `employees` ENABLE KEYS */;
UNLOCK TABLES;

--
-- Table structure for table `projects`
--

DROP TABLE IF EXISTS `projects`;
/*!40101 SET @saved_cs_client     = @@character_set_client */;
/*!50503 SET character_set_client = utf8mb4 */;
CREATE TABLE `projects` (
  `project_id` int NOT NULL AUTO_INCREMENT,
  `project_name` varchar(100) NOT NULL,
  `start_date` date NOT NULL,
  `end_date` date DEFAULT NULL,
  PRIMARY KEY (`project_id`),
  UNIQUE KEY `project_name` (`project_name`)
) ENGINE=InnoDB AUTO_INCREMENT=31 DEFAULT CHARSET=utf8mb4 COLLATE=utf8mb4_0900_ai_ci;
/*!40101 SET character_set_client = @saved_cs_client */;

--
-- Dumping data for table `projects`
--

LOCK TABLES `projects` WRITE;
/*!40000 ALTER TABLE `projects` DISABLE KEYS */;
INSERT INTO `projects` VALUES (1,'Operative interactive access','2024-08-30','2025-06-01'),(2,'Pre-emptive directional implementation','2023-12-14','2024-10-24'),(3,'Organic intermediate projection','2025-03-28',NULL),(4,'Pre-emptive demand-driven hub','2023-11-03',NULL),(5,'Streamlined neutral installation','2023-10-05','2024-01-25'),(6,'Multi-lateral disintermediate knowledgebase','2024-09-29','2025-05-26'),(7,'Virtual tangible challenge','2025-05-23','2025-08-19'),(8,'Persevering next generation function','2024-07-22','2025-02-21'),(9,'Persistent logistical utilization','2024-12-08','2025-05-25'),(10,'Switchable holistic frame','2024-06-25',NULL),(11,'De-engineered context-sensitive policy','2024-01-18','2024-11-04'),(12,'Realigned web-enabled matrices','2023-11-09','2024-06-28'),(13,'Ameliorated well-modulated ability','2025-07-06','2025-11-03'),(14,'Implemented methodical support','2024-12-23','2025-05-28'),(15,'Multi-layered zero tolerance protocol','2025-02-14','2025-07-03'),(16,'Advanced cohesive knowledge user','2023-12-18','2024-05-16'),(17,'Seamless radical initiative','2024-08-07','2025-03-24'),(18,'Enterprise-wide fresh-thinking time-frame','2025-06-09','2026-05-11'),(19,'Robust holistic parallelism','2024-05-22',NULL),(20,'Ameliorated intangible website','2025-05-15','2025-11-27'),(21,'Enhanced well-modulated info-mediaries','2024-02-10','2024-03-21'),(22,'User-centric uniform encryption','2023-11-04','2024-06-26'),(23,'Configurable dynamic access','2023-09-16','2024-03-27'),(24,'Realigned 5thgeneration migration','2023-11-18',NULL),(25,'User-friendly dynamic core','2023-11-18','2024-08-23'),(26,'User-friendly analyzing emulation','2024-10-30',NULL),(27,'Fundamental full-range core','2024-11-20','2025-06-12'),(28,'Configurable fault-tolerant encoding','2023-12-28','2024-05-11'),(29,'Persistent disintermediate matrices','2024-01-28',NULL),(30,'Grass-roots client-driven hardware','2024-09-07',NULL);
/*!40000 ALTER TABLE `projects` ENABLE KEYS */;
UNLOCK TABLES;
/*!40103 SET TIME_ZONE=@OLD_TIME_ZONE */;

/*!40101 SET SQL_MODE=@OLD_SQL_MODE */;
/*!40014 SET FOREIGN_KEY_CHECKS=@OLD_FOREIGN_KEY_CHECKS */;
/*!40014 SET UNIQUE_CHECKS=@OLD_UNIQUE_CHECKS */;
/*!40101 SET CHARACTER_SET_CLIENT=@OLD_CHARACTER_SET_CLIENT */;
/*!40101 SET CHARACTER_SET_RESULTS=@OLD_CHARACTER_SET_RESULTS */;
/*!40101 SET COLLATION_CONNECTION=@OLD_COLLATION_CONNECTION */;
/*!40111 SET SQL_NOTES=@OLD_SQL_NOTES */;

-- Dump completed on 2025-09-15  5:51:32
